id,title,score,created_utc,num_comments,media_title,media_thumbnail_width,media_thumbnail_height,media_thumbnail_url,media_width,media_height
73l69g,Norman Powell posterizes Valanciunas during Raptors scrimmage.,884,1506858025,110,Streamable - free video publishing,640,640,https://cf-e2.streamablevideo.com/image/fjdma.jpg?token=1506857985-IkR28wwfFb4lYcDMAFU7mmInm7pp19XK%2FpxdRPP0Pyg%3D,600,600
73kp7b,The Wolves ran the Rubio->Wiggins sekrit play with Teague and Butler,457,1506849120,27,Butler alley-oop - Streamable,1280,720,https://cf-e2.streamablevideo.com/image/qnibg_42_first.jpg?token=1506849120-%2F9jgR4fkfoQnLN1LvIfwpA4a6z9hbFnxPnM8XuNF3rs%3D,600,338
73jsbw,4x DPOY Ben Wallace surprises Draymond Green to present him with the DPOY award.,1380,1506833020,154,Streamable - free video publishing,640,640,https://cf-e2.streamablevideo.com/image/6os7h.jpg?token=1506833020-oLfsKy%2BZemJ8mDs6NtgghSzlOT%2F5T%2BJBFxCfyIafnwQ%3D,600,600
73jp8t,[SNL Weekend Update] Michael Che roasts Adam Silver,527,1506831759,248,Streamable - free video publishing,1280,720,https://cf-e2.streamablevideo.com/image/sqfeq.jpg?token=1506831729-YrjBSvoNhwvt94f2U0YKy6UHHD4kmcaSBPpi4Osshbc%3D,600,338
73jj23,Cavs make a toast to their new teammates with Dwyane Wade Wine,121,1506829467,22,Streamable - free video publishing,1088,1920,https://cf-e2.streamablevideo.com/image/feoyk.jpg?token=1506829400-YPvmdSGtEvHpHUQggoPy0oPl1FJ5dL%2Fy8D%2BM4ce9NWU%3D,204,360
73jinj,KAT hits a 3 at one end and gets a block at the other,171,1506829321,23,Streamable - free video publishing,1280,720,https://cf-e2.streamablevideo.com/image/kftx8.jpg?token=1506829294-JAMEMEEyshkDAUSj9x%2BxbXmz50fTWq9dbP%2BYLLkF%2F3U%3D,600,338
73ji8p,"[Highlight] Lonzo jumps in for a steal, stripped by Teague, hits the floor, Taj for 2!",582,1506829185,78,,,,,,
73jdh2,[Highlight] Karl-Anthony Towns with the touch pass to Taj Gibson for 3!,215,1506827404,43,09302pt.mp4 - Streamable,852,480,https://cf-e2.streamablevideo.com/image/sw00w_1.jpg?token=1506827396-2UbZd8a%2FZoz0BS6N%2FZXXnXpnh%2FqazNFJSllrZszkt0E%3D,600,338
73j9sy,Andre Iguodala crosses up Paul Millsap,421,1506826058,54,Andre puts the sauce on Millsap - Streamable,1280,720,https://cf-e2.streamablevideo.com/image/8pqio.jpg?token=1506825983-wyPuueUNWBFsA4CnciJDKoL48pgDwev9iSBiAv6IKCo%3D,600,338
73j8e0,Jordan Clarkson lobs it to Kyle Kuzma - NBATV,132,1506825540,15,,,,,,
73j7b6,[Highlight] Lonzo Ball's first points of preseason,127,1506825173,34,09302pa.mp4 - Streamable,852,480,https://cf-e2.streamablevideo.com/image/4zz6p_1.jpg?token=1506825154-Ab9BzWYbJPv6EXepVmi%2FnilbBUNoiQ7LQno5kHzOEt8%3D,600,338
73j7ae,"Jordan Bell with the block, Steph Curry hits the 3 on the other end",576,1506825163,99,"Bell the block, Steph the Splah - Streamable",1280,720,https://cf-e2.streamablevideo.com/image/1gke9.jpg?token=1506825091-wbVrdMWYoikNpJZHC43YzJe2JyAkpEOZxMZgVgoRTIc%3D,600,338
73j6rl,Draymond Green with the lob to rookie Jordan Bell,489,1506824976,66,Rookie to Mentor Connection - Streamable,1280,720,https://cf-e2.streamablevideo.com/image/cvi1o.jpg?token=1506824898-8YYmW2ai3%2FKPbJR4Ft5xx76ut1CfdEqn03nTKmjOe%2Fg%3D,600,338
73j6mc,Jimmy G. Buckets' first bucket for the Timberwolves,169,1506824930,14,Akncm26vWCLxZKE0 - Streamable,1280,720,https://cf-e2.streamablevideo.com/image/ednsf.jpg?token=1506824930-W3XSEEDSSYz%2FXXEDyX%2FBF5lYrXSMkNT%2FrYZO5UQJclM%3D,600,338
73j1wg,[Bleacher Report] You can tell it's preseason ðŸ˜‚,2619,1506823351,224,Streamable - free video publishing,1280,720,https://cf-e2.streamablevideo.com/image/pl4m7.jpg?token=1506823320-1BE7zxL7ags2Y2tsIlqawzXfSzLgAS9mFfBNrmcolMA%3D,600,338
73j0ie,[Highlight] Nikola Jokic behind the back pass to Gary Harris,4455,1506822867,340,Streamable - free video publishing,1280,720,https://cf-e2.streamablevideo.com/image/o0kj2.jpg?token=1506822836-%2FUb1pT4Y2MiE4eCPpXdhTTvP%2FNwgKAMHDYTGfcjkjKc%3D,600,338
73hvje,Edy Tavaresâ€™ shoe size. (Via snapchat/ChanningFrye),1430,1506809469,167,Streamable - free video publishing,720,1280,https://cf-e2.streamablevideo.com/image/o9vb3.jpg?token=1506809469-93zTPFoKW%2BV1Nj99hxmANhNeQ1OwfsyuwIGj%2Fp91gog%3D,202,358
73helk,"Nick Anderson - ""If I had the ball, running the fastbreak, Vince Carter was on one end, and Jesus was on the other, I had to throw it to Vince""",861,1506804508,78,Vince Carter - Streamable,1280,720,https://cf-e2.streamablevideo.com/image/uygbs.jpg?token=1506804509-p8VVn2IziM5WdOWKTjRsF42Quzu3UKglho17r3DelhE%3D,600,338
73c4gw,Hassan Whiteside learning Spanish,194,1506733984,24,Streamable - free video publishing,718,1280,https://cf-e2.streamablevideo.com/image/vj6zi.jpg?token=1506733984-UzI0Y%2BpM6KJgTs3ODjSL1Ino59lqCMYSAbnQ6y0yHM0%3D,600,1070
73anu2,"Westbrook calls Curry ""little"" after scoring on him in the post",106,1506718381,70,Streamable - free video publishing,1280,720,https://cf-e2.streamablevideo.com/image/n5nbj.jpg?token=1506718343-njraHQCbdHWo3TAL8ZRPdfKGbuXPndrWMh7moXHHUqQ%3D,600,338
7380sx,"JR Smith on Derrick Rose not being a 3-point shooter: ""That's never been his game, but since we've been practicing he's been shooting a lot of them and he's been making them.""",1561,1506694170,244,Streamable - free video publishing,1280,720,https://cf-e2.streamablevideo.com/image/gotiw.jpg?token=1506694172-uJu0TdBcqLsA8tHd60wLBEQ05O5YFARO4COgzH8q%2FME%3D,600,338
737y5f,"Steve Kerr: ""We want to keep building our conditioning. I mean we just had a 12 minute scrimmage and guys were tired by the end.""",1311,1506693470,184,Streamable - free video publishing,1280,720,https://cf-e2.streamablevideo.com/image/i452v.jpg?token=1506693470-97VUxF1CeBOqW5T0o5ZBh26gZSopkUTu2M4vGEE%2BG0s%3D,600,338
735zml,Lebron and Wade take turns to close the game,494,1506665046,93,Streamable - free video publishing,639,412,https://cf-e2.streamablevideo.com/image/e52cy.jpg?token=1506665047-QJQA7t8Xt7JFMxxvBS8nw0S%2BWhn9pEUCVE8LfffdG0U%3D,600,387
733gku,[Bleacher Report] Devin Booker talks about a friendship that sparked between him as a 12 year old and Danilo Gallinari when Devin's dad played professionally in Europe.,270,1506636167,27,Streamable - free video publishing,1280,720,https://cf-e2.streamablevideo.com/image/ktt34.jpg?token=1506636167-7uFYDi1a3wxqDZ1yMqKhO38wabdRE1hw87bQuYVP%2B%2F0%3D,600,338
733gc5,The Nets visited the Naval Academy during noon meal and proceeded to dunk on some Mids,158,1506636103,29,Brooklyn Nets visit the Naval Academy - Streamable,720,1280,https://cf-e2.streamablevideo.com/image/fib3o.jpg?token=1506630992-vZ1inHrNE7UZrWjKFqa63K5eZs%2BbJUFj2Md3o%2FrD4Fs%3D,600,1067
7339bu,"[Road Trippin' Live] RJ and Channing asked about playing against Kyrie and the Boston Celtics on opening night - Channing: ""They are the regular season champions.."" Jefferson: ""That's cute. Half of those guys are on our team now.""",695,1506634242,85,Streamable - free video publishing,640,360,https://cf-e2.streamablevideo.com/image/50wu0.jpg?token=1506634243-cIseOYwyAS2YEDy%2BjBta5cphkZmxi8H81PPLqvsb3MM%3D,600,338
732aco,Brook Lopez congratulates Larry Nance Jr. on his amazing dunks last year.,344,1506625419,33,Streamable - free video publishing,1280,720,https://cf-e2.streamablevideo.com/image/w0z22.jpg?token=1506625391-U5IHUfJ6dIMUn85rj0lQc1ST6GsdMkqTWF3TfpRPt%2BM%3D,600,338
7322d8,Ben Simmons drives by the defense and finishes at the rim,218,1506623429,64,Streamable - free video publishing,1280,720,https://cf-e2.streamablevideo.com/image/z2on5.jpg?token=1506623429-sjZdbJ4uF38pa1iI7u7Cxw4w5tyFl0dSSFIUPqd2n0I%3D,600,338
731yhw,[The Player's Tribune] Markelle Fultz's first Sixers media day was ... just watch.,9277,1506622464,903,Streamable - free video publishing,1280,720,https://cf-e2.streamablevideo.com/image/4fc2d.jpg?token=1506622418-KdIWmYbW2FCUg2LAVs15Kd%2FoMBiYVwJxajjpxZFgsAw%3D,600,338
731f2y,Jokic with the soccer skills,765,1506617761,126,Streamable - free video publishing,1280,720,https://cf-e2.streamablevideo.com/image/3439f.jpg?token=1506608474-4U46Ej2yYdsa6SVuuEZqjXBVyXsVv%2BpaH9yfiyHYCJM%3D,600,338
7304j1,"Tristan Thompson on Derrick Rose: ""He looked very good in Santa Barbara.... He had one finish on the left side where he scooped it like some Kyrie filet. It was nice... I feel like we got a steal.""",1262,1506605928,362,Streamable - free video publishing,1280,720,https://cf-e2.streamablevideo.com/image/we963.jpg?token=1506605929-PusiW%2FL6JL%2BFcQ6Hq6fdXQowu2iPGRIFbsEeqPCifPs%3D,600,338
72zrzo,"Warriors practice deep shooting, and they made every shot.",2189,1506602090,451,Streamable - free video publishing,1280,720,https://cf-e2.streamablevideo.com/image/rttos.jpg?token=1506560624-YLKf2twGPpcCj6QaVWe4jOdSJG6EGCylYMhGLkUxlGY%3D,600,338
72xudl,Klay struggles to find the reporter asking the question,328,1506572958,33,Streamable - free video publishing,1280,720,https://cf-e2.streamablevideo.com/image/w3yls.jpg?token=1506572919-Y4MD3anSusZ8KZ2w8%2BEZSeCStEXrWOFjPMXyJNozXno%3D,600,338
72wicp,Carmelo Cursing Compilation (Melo's Last Knicks Season Edition),287,1506558044,36,Carmelo Cursing Compilation (Melo's Last Knicks Season Edition) - Streamable,1280,720,https://cf-e2.streamablevideo.com/image/pg1ec.jpg?token=1506557949-UDPCCPbmyG05GXPm3Gajf4YDOVxHmeqgUSt5a4q0u3A%3D,600,338
72wf6v,"[FTW] ESPNâ€™s Jay Williams admitted that his former sports agency paid Kevin Love's AAU coach $250,000",516,1506557140,138,Jay Williams about 250k for Love's AAU coach - Streamable,1280,720,https://cf-e2.streamablevideo.com/image/ugpby.jpg?token=1506557105-PBVsbRWBmrCwlXM0U87z9h8j8FlNgf72sQ30WKI%2B50A%3D,600,338
72vitg,"Player dunks during G League tryouts, bangs his head",224,1506548160,41,Streamable - free video publishing,720,720,https://cf-e2.streamablevideo.com/image/mu8mi.jpg?token=1506548127-FVHwm35DDWCK01TlKd9jNedNnN2H3u0taEGgR9xXCr0%3D,600,600
72vc54,"Cousins asked about being used with the 2nd unit when he was in Sacramento: ""It felt like I was every unit in Sacramento.""",483,1506546411,30,Streamable - free video publishing,640,360,https://cf-e2.streamablevideo.com/image/9qj9b.jpg?token=1506546411-vOJxOfqW4OkOCeA4bWocUbB4ezn%2FJTzTJHpyFnMLFPQ%3D,600,338
72vamc,"DeMarcus Cousins on personal life affecting professional life: ""This here isn't reality to me. This is the entertainment world. [My personal life] is the part of my life I take 100% seriously.""",114,1506546023,23,Streamable - free video publishing,640,360,https://cf-e2.streamablevideo.com/image/mf8wt.jpg?token=1506546023-BE%2BEB%2FXq7YQhbAFA32%2FTh0cGswPRrHt3lMmAmf0eY7Y%3D,600,338
72ulbh,"Ainge on trading the Brooklyn pick: ""I feel a responsibility to give Al and Gordon a chance at a Championship.""",201,1506539824,63,Streamable - free video publishing,1920,1080,https://cdn-e2.streamable.com/image/1ku3x.jpg?token=1507747196_9dd23436fc6e6ce47b17cf705d271c4eb61cc802,600,338
72u4o7,Prime Kobe wearing a mic in 2008,281,1506535835,28,Streamable - free video publishing,640,352,https://cdn-e2.streamable.com/image/wbtet.jpg?token=1507745424_765e961be0de8d61cd5d9b616a3a952729a6b2d5,600,330
72tvft,"76ers practice shots, but they miss everything.",7462,1506533608,681,Streamable - free video publishing,640,360,https://cdn-e2.streamable.com/image/azkxh.jpg?token=1507743163_e08450e4b85db4f304a9056389cdb8afcbb16e41,600,338
72tt29,"LeBron James: ""[Last year] we had so many guys come in and come out either from signing guys or guys getting injured... [this year] for the most part these will be the guys that we're gonna have, these are the guys you'll probably see all year.""",231,1506533049,61,Streamable - free video publishing,1280,720,https://cdn-e2.streamable.com/image/d2fjx.jpg?token=1507742649_d968cfb53874839f5210542993216c0d43856214,600,338
72tqvb,"LeBron on whether to expect more Wade-LeBron alley-oops: ""I'm still athletic and I think he can still pass, so expect it.""",2287,1506532527,235,Streamable - free video publishing,1280,720,https://cdn-e2.streamable.com/image/4c0x9.jpg?token=1507742074_6144a43eeef0e0001caf3d11be7baa7bf3551663,600,338
72too5,"LeBron on a Banana Boat reunion: ""I had a lot of hope of it... It would be unbelievable if we all got an opportunity to play together.""",525,1506532005,160,Streamable - free video publishing,1280,720,https://cdn-e2.streamable.com/image/49pao.jpg?token=1507741605_96155ca286b14028098cb63313fc59c008f32fb0,600,338
72tcxq,"LeBron on Wade joining the Cavs: ""It's like when you start school, you walk into the classroom and one of your best friends is there and you're like 'oh yeah, this is gonna be fun'.""",20879,1506529144,1112,Streamable - free video publishing,720,1280,https://cdn-e2.streamable.com/image/6ebmq.jpg?token=1507738744_a4fbc8dbcefad33a5a0332680f1eb3ec3995cc7d,600,1067
72suev,"Isaiah Thomas: ""I'm excited cause I know soon enough I'll be 100% and back dropping 30 points a night and helping this team win games.""",1949,1506524661,413,Streamable - free video publishing,1280,720,https://cdn-e2.streamable.com/image/nc2ka.jpg?token=1507734212_49dac9e1cb2a826fc00f8fa39b6977d2d406d96e,600,338
72muph,"Ty Lue laughing about Tristan practicing 3's: ""Right now we're not gonna have Tristan shooting 3's. He's got to make at least 20 in practice before he can shoot them in a game.""",161,1506454701,28,Streamable - free video publishing,1280,720,https://cdn-e2.streamable.com/image/8cgu0.jpg?token=1507664301_e6bbdf89e1541326a3d94ffd47c700f918601057,600,338
72mnc7,Steph doing his .... uhm.. unique workout,112,1506452980,28,Streamable - free video publishing,831,655,https://cdn-e2.streamable.com/image/ekj88.jpg?token=1507662525_b61b4f90eee6cd8f4820a42ce7bd43fc6ef8c56b,600,473
72m8mc,LeBron plays catch with a fan during a game,230,1506449482,44,Streamable - free video publishing,1280,720,https://cdn-e2.streamable.com/image/ccjxn.jpg?token=1507659084_90893c513e51ff8380bdc4cc1348f9ce1edd1a0b,600,338
72lpsw,Michael Beasley breaking down the human brain,755,1506445005,228,Streamable - free video publishing,1280,720,https://cdn-e2.streamable.com/image/0wpxd.jpg?token=1507654605_8abeeed4187f610bc4d2b6d54229ed722717d32d,600,338
72ktyk,"JR Smith on what Rose and IT bring to the table that Kyrie didn't: ""They want to be here... that can help tremendously.""",3644,1506437296,395,Streamable - free video publishing,1280,720,https://cdn-e2.streamable.com/image/cajai.jpg?token=1507646896_34fa2b231c48d1eae55e129b123958db2865fb0f,600,338
72kq9g,"Cedi Osman on Cavs mini-camp in CA: ""From Day 1, LeBron, Kevin Love, RJ, everybody helped me a lot... I wasn't expecting that, I was a little under stress, but they made it easy.""",385,1506436365,56,Streamable - free video publishing,1280,720,https://cdn-e2.streamable.com/image/6ge4m.jpg?token=1507645965_608de636dedec467e34cff6cf911aa12581c3c0d,600,338
72kg2s,Kyrie's full explanation on why he said the Earth is flat,479,1506433693,403,Kyrie Irving Admits he was Trolling about Flat Earth Theory - Streamable,1280,720,https://cdn-e2.streamable.com/image/d9nx2.jpg?token=1507643164_8a0e2f6a61ec35e682d5678d72a03ca53355e690,600,338
72fvco,Giannis back at it again with more jokes,121,1506377117,26,Streamable - free video publishing,480,480,https://cdn-e2.streamable.com/image/r32bx.jpg?token=1507586717_27c59ca9a9ee43914bd176f63da364a62b2c3f63,360,360
72exyn,Russell Westbrook gazes into reporter's eyes and makes him fumble and drop his question,451,1506368737,30,Streamable - free video publishing,1280,720,https://cdn-e2.streamable.com/image/3s355.jpg?token=1507578338_83118ac0951c8c4e3627df8999e04f6306cca6c3,600,338
72estz,"Melo asked about potentially coming off the bench: ""Who me?""",771,1506367507,159,Streamable - free video publishing,1280,720,https://cdn-e2.streamable.com/image/jncca.jpg?token=1507577107_f5be5509002ce034a8271f80856b19233ef0a855,600,338